STATION,NAME,LATITUDE,LONGITUDE,ELEVATION,DATE,DAPR,DAPR_ATTRIBUTES,MDPR,MDPR_ATTRIBUTES,PRCP,PRCP_ATTRIBUTES,SNOW,SNOW_ATTRIBUTES,SNWD,SNWD_ATTRIBUTES
CA1ON000033,"BURLINGTON 1.7 W, ON CA",43.3713417,-79.8355103,162.5,2020-01-01,,,,,0.8,",,N",8.0,",,N",0.0,"T,,N"
CA1ON000033,"BURLINGTON 1.7 W, ON CA",43.3713417,-79.8355103,162.5,2020-01-02,,,,,0.0,",,N",0.0,",,N",0.0,"T,,N"
CA1ON000033,"BURLINGTON 1.7 W, ON CA",43.3713417,-79.8355103,162.5,2020-01-03,,,,,0.0,",,N",0.0,",,N",0.0,",,N"
CA1ON000033,"BURLINGTON 1.7 W, ON CA",43.3713417,-79.8355103,162.5,2020-01-04,,,,,2.0,",,N",25.0,",,N",25.0,",,N"
CA1ON000033,"BURLINGTON 1.7 W, ON CA",43.3713417,-79.8355103,162.5,2020-01-05,,,,,0.0,"T,,N",3.0,",,N",0.0,"T,,N"
CA1ON000033,"BURLINGTON 1.7 W, ON CA",43.3713417,-79.8355103,162.5,2020-01-06,,,,,3.6,",,N",46.0,",,N",38.0,",,N"
CA1ON000033,"BURLINGTON 1.7 W, ON CA",43.3713417,-79.8355103,162.5,2020-01-07,,,,,0.0,",,N",0.0,",,N",25.0,",,N"
CA1ON000033,"BURLINGTON 1.7 W, ON CA",43.3713417,-79.8355103,162.5,2020-01-08,,,,,1.5,",,N",33.0,",,N",64.0,",,N"
CA1ON000033,"BURLINGTON 1.7 W, ON CA",43.3713417,-79.8355103,162.5,2020-01-09,,,,,0.5,",,N",10.0,",,N",51.0,",,N"
CA1ON000033,"BURLINGTON 1.7 W, ON CA",43.3713417,-79.8355103,162.5,2020-01-10,,,,,0.3,",,N",0.0,",,N",0.0,",,N"
CA1ON000033,"BURLINGTON 1.7 W, ON CA",43.3713417,-79.8355103,162.5,2020-01-11,,,,,7.6,",,N",0.0,",,N",0.0,",,N"
CA1ON000033,"BURLINGTON 1.7 W, ON CA",43.3713417,-79.8355103,162.5,2020-01-12,,,,,61.2,",,N",0.0,"T,,N",0.0,"T,,N"
CA1ON000033,"BURLINGTON 1.7 W, ON CA",43.3713417,-79.8355103,162.5,2020-01-13,,,,,0.3,",,N",5.0,",,N",0.0,"T,,N"
CA1ON000033,"BURLINGTON 1.7 W, ON CA",43.3713417,-79.8355103,162.5,2020-01-14,,,,,0.3,",,N",0.0,",,N",0.0,",,N"
CA1ON000033,"BURLINGTON 1.7 W, ON CA",43.3713417,-79.8355103,162.5,2020-01-15,,,,,0.0,",,N",0.0,",,N",0.0,",,N"
CA1ON000033,"BURLINGTON 1.7 W, ON CA",43.3713417,-79.8355103,162.5,2020-01-16,,,,,0.0,"T,,N",0.0,"T,,N",0.0,",,N"
CA1ON000033,"BURLINGTON 1.7 W, ON CA",43.3713417,-79.8355103,162.5,2020-01-17,,,,,0.0,"T,,N",0.0,"T,,N",0.0,"T,,N"
CA1ON000033,"BURLINGTON 1.7 W, ON CA",43.3713417,-79.8355103,162.5,2020-01-18,,,,,0.0,",,N",0.0,",,N",0.0,",,N"
CA1ON000033,"BURLINGTON 1.7 W, ON CA",43.3713417,-79.8355103,162.5,2020-01-19,,,,,19.1,",,N",114.0,",,N",114.0,",,N"
CA1ON000033,"BURLINGTON 1.7 W, ON CA",43.3713417,-79.8355103,162.5,2020-01-20,,,,,0.0,"T,,N",0.0,"T,,N",114.0,",,N"
CA1ON000033,"BURLINGTON 1.7 W, ON CA",43.3713417,-79.8355103,162.5,2020-01-21,,,,,0.0,",,N",0.0,",,N",114.0,",,N"
CA1ON000033,"BURLINGTON 1.7 W, ON CA",43.3713417,-79.8355103,162.5,2020-01-22,,,,,0.0,"T,,N",0.0,"T,,N",114.0,",,N"
CA1ON000033,"BURLINGTON 1.7 W, ON CA",43.3713417,-79.8355103,162.5,2020-01-23,,,,,0.0,",,N",0.0,",,N",114.0,",,N"
CA1ON000033,"BURLINGTON 1.7 W, ON CA",43.3713417,-79.8355103,162.5,2020-01-24,,,,,0.0,",,N",0.0,",,N",114.0,",,N"
CA1ON000033,"BURLINGTON 1.7 W, ON CA",43.3713417,-79.8355103,162.5,2020-01-25,,,,,27.4,",,N",0.0,",,N",38.0,",,N"
CA1ON000033,"BURLINGTON 1.7 W, ON CA",43.3713417,-79.8355103,162.5,2020-01-26,,,,,1.3,",,N",0.0,",,N",0.0,"T,,N"
CA1ON000033,"BURLINGTON 1.7 W, ON CA",43.3713417,-79.8355103,162.5,2020-01-27,,,,,1.5,",,N",0.0,"T,,N",0.0,"T,,N"
CA1ON000033,"BURLINGTON 1.7 W, ON CA",43.3713417,-79.8355103,162.5,2020-01-28,,,,,0.0,",,N",0.0,",,N",0.0,",,N"
CA1ON000033,"BURLINGTON 1.7 W, ON CA",43.3713417,-79.8355103,162.5,2020-01-29,,,,,0.0,"T,,N",0.0,"T,,N",0.0,",,N"
CA1ON000033,"BURLINGTON 1.7 W, ON CA",43.3713417,-79.8355103,162.5,2020-01-30,,,,,0.0,",,N",0.0,",,N",0.0,",,N"
CA1ON000033,"BURLINGTON 1.7 W, ON CA",43.3713417,-79.8355103,162.5,2020-01-31,,,,,0.0,"T,,N",0.0,"T,,N",0.0,",,N"
CA1ON000033,"BURLINGTON 1.7 W, ON CA",43.3713417,-79.8355103,162.5,2020-02-01,,,,,0.0,",,N",0.0,",,N",0.0,",,N"
CA1ON000033,"BURLINGTON 1.7 W, ON CA",43.3713417,-79.8355103,162.5,2020-02-02,,,,,1.0,",,N",18.0,",,N",13.0,",,N"
CA1ON000033,"BURLINGTON 1.7 W, ON CA",43.3713417,-79.8355103,162.5,2020-02-03,,,,,5.8,",,N",13.0,",,N",25.0,",,N"
CA1ON000033,"BURLINGTON 1.7 W, ON CA",43.3713417,-79.8355103,162.5,2020-02-04,,,,,0.0,",,N",0.0,",,N",0.0,"T,,N"
CA1ON000033,"BURLINGTON 1.7 W, ON CA",43.3713417,-79.8355103,162.5,2020-02-05,,,,,0.0,",,N",0.0,",,N",0.0,"T,,N"
CA1ON000033,"BURLINGTON 1.7 W, ON CA",43.3713417,-79.8355103,162.5,2020-02-06,,,,,4.6,",,N",25.0,",,N",25.0,",,N"
CA1ON000033,"BURLINGTON 1.7 W, ON CA",43.3713417,-79.8355103,162.5,2020-02-07,,,,,3.6,",,N",25.0,",,N",51.0,",,N"
CA1ON000033,"BURLINGTON 1.7 W, ON CA",43.3713417,-79.8355103,162.5,2020-02-08,,,,,0.0,"T,,N",0.0,"T,,N",51.0,",,N"
CA1ON000033,"BURLINGTON 1.7 W, ON CA",43.3713417,-79.8355103,162.5,2020-02-09,,,,,0.0,"T,,N",3.0,",,N",51.0,",,N"
CA1ON000033,"BURLINGTON 1.7 W, ON CA",43.3713417,-79.8355103,162.5,2020-02-10,,,,,5.6,",,N",46.0,",,N",76.0,",,N"
CA1ON000033,"BURLINGTON 1.7 W, ON CA",43.3713417,-79.8355103,162.5,2020-02-11,,,,,0.0,",,N",0.0,",,N",51.0,",,N"
CA1ON000033,"BURLINGTON 1.7 W, ON CA",43.3713417,-79.8355103,162.5,2020-02-12,,,,,0.0,"T,,N",0.0,"T,,N",25.0,",,N"
CA1ON000033,"BURLINGTON 1.7 W, ON CA",43.3713417,-79.8355103,162.5,2020-02-13,,,,,2.3,",,N",36.0,",,N",76.0,",,N"
CA1ON000033,"BURLINGTON 1.7 W, ON CA",43.3713417,-79.8355103,162.5,2020-02-14,,,,,1.0,",,N",18.0,",,N",89.0,",,N"
CA1ON000033,"BURLINGTON 1.7 W, ON CA",43.3713417,-79.8355103,162.5,2020-02-15,,,,,0.0,"T,,N",0.0,"T,,N",76.0,",,N"
CA1ON000033,"BURLINGTON 1.7 W, ON CA",43.3713417,-79.8355103,162.5,2020-02-16,,,,,0.8,",,N",3.0,",,N",89.0,",,N"
CA1ON000033,"BURLINGTON 1.7 W, ON CA",43.3713417,-79.8355103,162.5,2020-02-17,,,,,0.0,",,N",0.0,",,N",89.0,",,N"
CA1ON000033,"BURLINGTON 1.7 W, ON CA",43.3713417,-79.8355103,162.5,2020-02-18,,,,,10.2,",,N",84.0,",,N",165.0,",,N"
CA1ON000033,"BURLINGTON 1.7 W, ON CA",43.3713417,-79.8355103,162.5,2020-02-19,,,,,0.0,"T,,N",0.0,"T,,N",102.0,",,N"
CA1ON000033,"BURLINGTON 1.7 W, ON CA",43.3713417,-79.8355103,162.5,2020-02-20,,,,,0.0,",,N",0.0,",,N",76.0,",,N"
CA1ON000033,"BURLINGTON 1.7 W, ON CA",43.3713417,-79.8355103,162.5,2020-02-21,,,,,0.0,",,N",0.0,",,N",76.0,",,N"
CA1ON000033,"BURLINGTON 1.7 W, ON CA",43.3713417,-79.8355103,162.5,2020-02-22,,,,,0.0,",,N",0.0,",,N",76.0,",,N"
CA1ON000033,"BURLINGTON 1.7 W, ON CA",43.3713417,-79.8355103,162.5,2020-02-23,,,,,0.0,",,N",0.0,",,N",64.0,",,N"
CA1ON000033,"BURLINGTON 1.7 W, ON CA",43.3713417,-79.8355103,162.5,2020-02-24,,,,,0.0,",,N",0.0,",,N",51.0,",,N"
CA1ON000033,"BURLINGTON 1.7 W, ON CA",43.3713417,-79.8355103,162.5,2020-02-25,,,,,1.3,",,N",5.0,",,N",25.0,",,N"
CA1ON000033,"BURLINGTON 1.7 W, ON CA",43.3713417,-79.8355103,162.5,2020-02-26,,,,,0.5,",,N",10.0,",,N",13.0,",,N"
CA1ON000033,"BURLINGTON 1.7 W, ON CA",43.3713417,-79.8355103,162.5,2020-02-27,,,,,8.6,",,N",91.0,",,N",114.0,",,N"
CA1ON000033,"BURLINGTON 1.7 W, ON CA",43.3713417,-79.8355103,162.5,2020-02-28,,,,,0.3,",,N",0.0,"T,,N",102.0,",,N"
CA1ON000033,"BURLINGTON 1.7 W, ON CA",43.3713417,-79.8355103,162.5,2020-02-29,,,,,0.0,"T,,N",3.0,",,N",102.0,",,N"
CA1ON000033,"BURLINGTON 1.7 W, ON CA",43.3713417,-79.8355103,162.5,2020-03-01,,,,,0.0,",,N",0.0,",,N",89.0,",,N"
CA1ON000033,"BURLINGTON 1.7 W, ON CA",43.3713417,-79.8355103,162.5,2020-03-02,,,,,0.0,",,N",0.0,",,N",51.0,",,N"
CA1ON000033,"BURLINGTON 1.7 W, ON CA",43.3713417,-79.8355103,162.5,2020-03-03,,,,,5.3,",,N",0.0,",,N",0.0,",,N"
CA1ON000033,"BURLINGTON 1.7 W, ON CA",43.3713417,-79.8355103,162.5,2020-03-04,,,,,10.4,",,N",0.0,",,N",0.0,",,N"
CA1ON000033,"BURLINGTON 1.7 W, ON CA",43.3713417,-79.8355103,162.5,2020-03-05,,,,,0.0,"T,,N",0.0,"T,,N",0.0,",,N"
CA1ON000033,"BURLINGTON 1.7 W, ON CA",43.3713417,-79.8355103,162.5,2020-03-06,,,,,0.0,"T,,N",3.0,",,N",0.0,"T,,N"
CA1ON000033,"BURLINGTON 1.7 W, ON CA",43.3713417,-79.8355103,162.5,2020-03-07,,,,,0.8,",,N",0.0,"T,,N",0.0,"T,,N"
CA1ON000033,"BURLINGTON 1.7 W, ON CA",43.3713417,-79.8355103,162.5,2020-03-08,,,,,0.0,",,N",0.0,",,N",0.0,",,N"
CA1ON000033,"BURLINGTON 1.7 W, ON CA",43.3713417,-79.8355103,162.5,2020-03-09,,,,,0.0,",,N",0.0,",,N",0.0,",,N"
CA1ON000033,"BURLINGTON 1.7 W, ON CA",43.3713417,-79.8355103,162.5,2020-03-10,,,,,5.1,",,N",0.0,",,N",0.0,",,N"
CA1ON000033,"BURLINGTON 1.7 W, ON CA",43.3713417,-79.8355103,162.5,2020-03-11,,,,,2.3,",,N",0.0,",,N",0.0,",,N"
CA1ON000033,"BURLINGTON 1.7 W, ON CA",43.3713417,-79.8355103,162.5,2020-03-12,,,,,0.0,",,N",0.0,",,N",0.0,",,N"
CA1ON000033,"BURLINGTON 1.7 W, ON CA",43.3713417,-79.8355103,162.5,2020-03-13,,,,,5.1,",,N",0.0,",,N",0.0,",,N"
CA1ON000033,"BURLINGTON 1.7 W, ON CA",43.3713417,-79.8355103,162.5,2020-03-14,,,,,0.0,",,N",0.0,",,N",0.0,",,N"
CA1ON000033,"BURLINGTON 1.7 W, ON CA",43.3713417,-79.8355103,162.5,2020-03-15,,,,,0.0,",,N",0.0,",,N",0.0,",,N"
CA1ON000033,"BURLINGTON 1.7 W, ON CA",43.3713417,-79.8355103,162.5,2020-03-16,,,,,0.0,",,N",0.0,",,N",0.0,",,N"
CA1ON000033,"BURLINGTON 1.7 W, ON CA",43.3713417,-79.8355103,162.5,2020-03-17,,,,,0.3,",,N",0.0,",,N",0.0,",,N"
CA1ON000033,"BURLINGTON 1.7 W, ON CA",43.3713417,-79.8355103,162.5,2020-03-18,,,,,0.0,",,N",0.0,",,N",0.0,",,N"
CA1ON000033,"BURLINGTON 1.7 W, ON CA",43.3713417,-79.8355103,162.5,2020-03-19,,,,,5.1,",,N",0.0,",,N",0.0,",,N"
CA1ON000033,"BURLINGTON 1.7 W, ON CA",43.3713417,-79.8355103,162.5,2020-03-20,,,,,2.3,",,N",0.0,",,N",0.0,",,N"
CA1ON000033,"BURLINGTON 1.7 W, ON CA",43.3713417,-79.8355103,162.5,2020-03-21,,,,,1.8,",,N",0.0,",,N",0.0,",,N"
CA1ON000033,"BURLINGTON 1.7 W, ON CA",43.3713417,-79.8355103,162.5,2020-03-22,,,,,0.0,",,N",0.0,",,N",0.0,",,N"
CA1ON000033,"BURLINGTON 1.7 W, ON CA",43.3713417,-79.8355103,162.5,2020-03-23,,,,,2.5,",,N",33.0,",,N",25.0,",,N"
CA1ON000033,"BURLINGTON 1.7 W, ON CA",43.3713417,-79.8355103,162.5,2020-03-24,,,,,8.6,",,N",0.0,"T,,N",0.0,"T,,N"
CA1ON000033,"BURLINGTON 1.7 W, ON CA",43.3713417,-79.8355103,162.5,2020-03-25,,,,,0.0,",,N",0.0,",,N",0.0,",,N"
CA1ON000033,"BURLINGTON 1.7 W, ON CA",43.3713417,-79.8355103,162.5,2020-03-26,,,,,0.0,",,N",0.0,",,N",0.0,",,N"
CA1ON000033,"BURLINGTON 1.7 W, ON CA",43.3713417,-79.8355103,162.5,2020-03-27,,,,,0.0,",,N",0.0,",,N",0.0,",,N"
CA1ON000033,"BURLINGTON 1.7 W, ON CA",43.3713417,-79.8355103,162.5,2020-03-28,,,,,0.0,",,N",0.0,",,N",0.0,",,N"
CA1ON000033,"BURLINGTON 1.7 W, ON CA",43.3713417,-79.8355103,162.5,2020-03-29,,,,,16.5,",,N",0.0,",,N",0.0,",,N"
CA1ON000033,"BURLINGTON 1.7 W, ON CA",43.3713417,-79.8355103,162.5,2020-03-30,,,,,0.0,"T,,N",0.0,",,N",0.0,",,N"
CA1ON000033,"BURLINGTON 1.7 W, ON CA",43.3713417,-79.8355103,162.5,2020-03-31,,,,,0.3,",,N",0.0,",,N",0.0,",,N"
CA1ON000033,"BURLINGTON 1.7 W, ON CA",43.3713417,-79.8355103,162.5,2020-04-01,,,,,0.0,"T,,N",0.0,",,N",0.0,",,N"
CA1ON000033,"BURLINGTON 1.7 W, ON CA",43.3713417,-79.8355103,162.5,2020-04-02,,,,,0.0,",,N",0.0,",,N",0.0,",,N"
CA1ON000033,"BURLINGTON 1.7 W, ON CA",43.3713417,-79.8355103,162.5,2020-04-03,,,,,0.0,",,N",0.0,",,N",0.0,",,N"
CA1ON000033,"BURLINGTON 1.7 W, ON CA",43.3713417,-79.8355103,162.5,2020-04-04,,,,,0.0,"T,,N",0.0,",,N",0.0,",,N"
CA1ON000033,"BURLINGTON 1.7 W, ON CA",43.3713417,-79.8355103,162.5,2020-04-05,,,,,0.0,",,N",0.0,",,N",0.0,",,N"
CA1ON000033,"BURLINGTON 1.7 W, ON CA",43.3713417,-79.8355103,162.5,2020-04-06,,,,,0.0,",,N",0.0,",,N",0.0,",,N"
CA1ON000033,"BURLINGTON 1.7 W, ON CA",43.3713417,-79.8355103,162.5,2020-04-07,,,,,0.0,",,N",0.0,",,N",0.0,",,N"
CA1ON000033,"BURLINGTON 1.7 W, ON CA",43.3713417,-79.8355103,162.5,2020-04-08,,,,,1.8,",,N",0.0,",,N",0.0,",,N"
CA1ON000033,"BURLINGTON 1.7 W, ON CA",43.3713417,-79.8355103,162.5,2020-04-09,,,,,8.9,",,N",0.0,",,N",0.0,",,N"
CA1ON000033,"BURLINGTON 1.7 W, ON CA",43.3713417,-79.8355103,162.5,2020-04-10,,,,,0.0,"T,,N",0.0,",,N",0.0,",,N"
CA1ON000033,"BURLINGTON 1.7 W, ON CA",43.3713417,-79.8355103,162.5,2020-04-11,,,,,0.0,",,N",0.0,",,N",0.0,",,N"
CA1ON000033,"BURLINGTON 1.7 W, ON CA",43.3713417,-79.8355103,162.5,2020-04-12,,,,,0.0,",,N",0.0,",,N",0.0,",,N"
CA1ON000033,"BURLINGTON 1.7 W, ON CA",43.3713417,-79.8355103,162.5,2020-04-13,,,,,12.2,",,N",0.0,",,N",0.0,",,N"
CA1ON000033,"BURLINGTON 1.7 W, ON CA",43.3713417,-79.8355103,162.5,2020-04-14,,,,,4.1,",,N",0.0,",,N",0.0,",,N"
CA1ON000033,"BURLINGTON 1.7 W, ON CA",43.3713417,-79.8355103,162.5,2020-04-15,,,,,0.3,",,N",0.0,"T,,N",0.0,",,N"
CA1ON000033,"BURLINGTON 1.7 W, ON CA",43.3713417,-79.8355103,162.5,2020-04-16,,,,,0.0,"T,,N",0.0,",,N",0.0,",,N"
CA1ON000033,"BURLINGTON 1.7 W, ON CA",43.3713417,-79.8355103,162.5,2020-04-17,,,,,0.0,"T,,N",0.0,",,N",0.0,",,N"
CA1ON000033,"BURLINGTON 1.7 W, ON CA",43.3713417,-79.8355103,162.5,2020-04-18,,,,,0.0,"T,,N",0.0,",,N",0.0,",,N"
CA1ON000033,"BURLINGTON 1.7 W, ON CA",43.3713417,-79.8355103,162.5,2020-04-19,,,,,0.0,",,N",0.0,",,N",0.0,",,N"
CA1ON000033,"BURLINGTON 1.7 W, ON CA",43.3713417,-79.8355103,162.5,2020-04-20,,,,,0.3,",,N",0.0,",,N",0.0,",,N"
CA1ON000033,"BURLINGTON 1.7 W, ON CA",43.3713417,-79.8355103,162.5,2020-04-21,,,,,0.5,",,N",0.0,"T,,N",0.0,",,N"
CA1ON000033,"BURLINGTON 1.7 W, ON CA",43.3713417,-79.8355103,162.5,2020-04-22,,,,,0.0,"T,,N",0.0,"T,,N",0.0,",,N"
CA1ON000033,"BURLINGTON 1.7 W, ON CA",43.3713417,-79.8355103,162.5,2020-04-23,,,,,0.0,"T,,N",0.0,"T,,N",0.0,",,N"
CA1ON000033,"BURLINGTON 1.7 W, ON CA",43.3713417,-79.8355103,162.5,2020-04-24,,,,,0.0,",,N",0.0,",,N",0.0,",,N"
CA1ON000033,"BURLINGTON 1.7 W, ON CA",43.3713417,-79.8355103,162.5,2020-04-25,,,,,0.0,",,N",0.0,",,N",0.0,",,N"
CA1ON000033,"BURLINGTON 1.7 W, ON CA",43.3713417,-79.8355103,162.5,2020-04-26,,,,,0.0,"T,,N",0.0,",,N",0.0,",,N"
CA1ON000033,"BURLINGTON 1.7 W, ON CA",43.3713417,-79.8355103,162.5,2020-04-27,,,,,3.6,",,N",0.0,",,N",0.0,",,N"
CA1ON000033,"BURLINGTON 1.7 W, ON CA",43.3713417,-79.8355103,162.5,2020-04-28,,,,,1.3,",,N",0.0,",,N",0.0,",,N"
CA1ON000033,"BURLINGTON 1.7 W, ON CA",43.3713417,-79.8355103,162.5,2020-04-29,,,,,0.0,",,N",0.0,",,N",0.0,",,N"
CA1ON000033,"BURLINGTON 1.7 W, ON CA",43.3713417,-79.8355103,162.5,2020-04-30,,,,,2.0,",,N",0.0,",,N",0.0,",,N"
CA1ON000033,"BURLINGTON 1.7 W, ON CA",43.3713417,-79.8355103,162.5,2020-05-01,,,,,6.4,",,N",0.0,",,N",0.0,",,N"
CA1ON000033,"BURLINGTON 1.7 W, ON CA",43.3713417,-79.8355103,162.5,2020-05-02,,,,,0.0,",,N",0.0,",,N",0.0,",,N"
CA1ON000033,"BURLINGTON 1.7 W, ON CA",43.3713417,-79.8355103,162.5,2020-05-03,,,,,0.3,",,N",0.0,",,N",0.0,",,N"
CA1ON000033,"BURLINGTON 1.7 W, ON CA",43.3713417,-79.8355103,162.5,2020-05-04,,,,,0.0,",,N",0.0,",,N",0.0,",,N"
CA1ON000033,"BURLINGTON 1.7 W, ON CA",43.3713417,-79.8355103,162.5,2020-05-05,,,,,0.0,",,N",0.0,",,N",0.0,",,N"
CA1ON000033,"BURLINGTON 1.7 W, ON CA",43.3713417,-79.8355103,162.5,2020-05-06,,,,,0.0,",,N",0.0,",,N",0.0,",,N"
CA1ON000033,"BURLINGTON 1.7 W, ON CA",43.3713417,-79.8355103,162.5,2020-05-07,,,,,0.0,",,N",0.0,",,N",0.0,",,N"
CA1ON000033,"BURLINGTON 1.7 W, ON CA",43.3713417,-79.8355103,162.5,2020-05-08,,,,,0.0,"T,,N",0.0,",,N",0.0,",,N"
CA1ON000033,"BURLINGTON 1.7 W, ON CA",43.3713417,-79.8355103,162.5,2020-05-09,,,,,0.0,"T,,N",0.0,"T,,N",0.0,",,N"
CA1ON000033,"BURLINGTON 1.7 W, ON CA",43.3713417,-79.8355103,162.5,2020-05-10,,,,,0.3,",,N",0.0,"T,,N",0.0,",,N"
CA1ON000033,"BURLINGTON 1.7 W, ON CA",43.3713417,-79.8355103,162.5,2020-05-11,,,,,4.3,",,N",0.0,"T,,N",0.0,"T,,N"
CA1ON000033,"BURLINGTON 1.7 W, ON CA",43.3713417,-79.8355103,162.5,2020-05-12,,,,,1.0,",,N",0.0,"T,,N",0.0,",,N"
CA1ON000033,"BURLINGTON 1.7 W, ON CA",43.3713417,-79.8355103,162.5,2020-05-13,,,,,0.0,",,N",0.0,",,N",0.0,",,N"
CA1ON000033,"BURLINGTON 1.7 W, ON CA",43.3713417,-79.8355103,162.5,2020-05-14,,,,,0.0,",,N",0.0,",,N",0.0,",,N"
CA1ON000033,"BURLINGTON 1.7 W, ON CA",43.3713417,-79.8355103,162.5,2020-05-15,,,,,3.0,",,N",0.0,",,N",0.0,",,N"
CA1ON000033,"BURLINGTON 1.7 W, ON CA",43.3713417,-79.8355103,162.5,2020-05-16,,,,,3.0,",,N",0.0,",,N",0.0,",,N"
CA1ON000033,"BURLINGTON 1.7 W, ON CA",43.3713417,-79.8355103,162.5,2020-05-17,,,,,0.0,",,N",0.0,",,N",0.0,",,N"
CA1ON000033,"BURLINGTON 1.7 W, ON CA",43.3713417,-79.8355103,162.5,2020-05-18,,,,,17.3,",,N",0.0,",,N",0.0,",,N"
CA1ON000033,"BURLINGTON 1.7 W, ON CA",43.3713417,-79.8355103,162.5,2020-05-19,,,,,8.1,",,N",0.0,",,N",0.0,",,N"
CA1ON000033,"BURLINGTON 1.7 W, ON CA",43.3713417,-79.8355103,162.5,2020-05-20,,,,,0.0,",,N",0.0,",,N",0.0,",,N"
CA1ON000033,"BURLINGTON 1.7 W, ON CA",43.3713417,-79.8355103,162.5,2020-05-21,,,,,0.0,",,N",0.0,",,N",0.0,",,N"
CA1ON000033,"BURLINGTON 1.7 W, ON CA",43.3713417,-79.8355103,162.5,2020-05-22,,,,,0.0,",,N",0.0,",,N",0.0,",,N"
CA1ON000033,"BURLINGTON 1.7 W, ON CA",43.3713417,-79.8355103,162.5,2020-05-23,,,,,0.0,",,N",0.0,",,N",0.0,",,N"
CA1ON000033,"BURLINGTON 1.7 W, ON CA",43.3713417,-79.8355103,162.5,2020-05-24,,,,,0.0,",,N",0.0,",,N",0.0,",,N"
CA1ON000033,"BURLINGTON 1.7 W, ON CA",43.3713417,-79.8355103,162.5,2020-05-25,,,,,1.0,",,N",0.0,",,N",0.0,",,N"
CA1ON000033,"BURLINGTON 1.7 W, ON CA",43.3713417,-79.8355103,162.5,2020-05-26,,,,,4.6,",,N",0.0,",,N",0.0,",,N"
CA1ON000033,"BURLINGTON 1.7 W, ON CA",43.3713417,-79.8355103,162.5,2020-05-27,,,,,0.0,",,N",0.0,",,N",0.0,",,N"
CA1ON000033,"BURLINGTON 1.7 W, ON CA",43.3713417,-79.8355103,162.5,2020-05-28,,,,,0.0,"T,,N",0.0,",,N",0.0,",,N"
CA1ON000033,"BURLINGTON 1.7 W, ON CA",43.3713417,-79.8355103,162.5,2020-05-29,,,,,7.6,",,N",0.0,",,N",0.0,",,N"
CA1ON000033,"BURLINGTON 1.7 W, ON CA",43.3713417,-79.8355103,162.5,2020-05-30,,,,,3.8,",,N",0.0,",,N",0.0,",,N"
CA1ON000033,"BURLINGTON 1.7 W, ON CA",43.3713417,-79.8355103,162.5,2020-05-31,,,,,0.0,"T,,N",0.0,",,N",0.0,",,N"
CA1ON000033,"BURLINGTON 1.7 W, ON CA",43.3713417,-79.8355103,162.5,2020-06-01,,,,,0.0,",,N",0.0,",,N",0.0,",,N"
CA1ON000033,"BURLINGTON 1.7 W, ON CA",43.3713417,-79.8355103,162.5,2020-06-02,,,,,0.0,"T,,N",0.0,",,N",0.0,",,N"
CA1ON000033,"BURLINGTON 1.7 W, ON CA",43.3713417,-79.8355103,162.5,2020-06-03,,,,,4.8,",,N",0.0,",,N",0.0,",,N"
CA1ON000033,"BURLINGTON 1.7 W, ON CA",43.3713417,-79.8355103,162.5,2020-06-04,,,,,0.3,",,N",0.0,",,N",0.0,",,N"
CA1ON000033,"BURLINGTON 1.7 W, ON CA",43.3713417,-79.8355103,162.5,2020-06-05,,,,,0.0,",,N",0.0,",,N",0.0,",,N"
CA1ON000033,"BURLINGTON 1.7 W, ON CA",43.3713417,-79.8355103,162.5,2020-06-06,,,,,0.3,",,N",0.0,",,N",0.0,",,N"
CA1ON000033,"BURLINGTON 1.7 W, ON CA",43.3713417,-79.8355103,162.5,2020-06-07,,,,,0.0,",,N",0.0,",,N",0.0,",,N"
CA1ON000033,"BURLINGTON 1.7 W, ON CA",43.3713417,-79.8355103,162.5,2020-06-08,,,,,0.0,",,N",0.0,",,N",0.0,",,N"
CA1ON000033,"BURLINGTON 1.7 W, ON CA",43.3713417,-79.8355103,162.5,2020-06-09,,,,,0.0,",,N",0.0,",,N",0.0,",,N"
CA1ON000033,"BURLINGTON 1.7 W, ON CA",43.3713417,-79.8355103,162.5,2020-06-10,,,,,11.2,",,N",0.0,",,N",0.0,",,N"
CA1ON000033,"BURLINGTON 1.7 W, ON CA",43.3713417,-79.8355103,162.5,2020-06-11,,,,,16.5,",,N",0.0,",,N",0.0,",,N"
CA1ON000033,"BURLINGTON 1.7 W, ON CA",43.3713417,-79.8355103,162.5,2020-06-12,,,,,0.0,",,N",0.0,",,N",0.0,",,N"
CA1ON000033,"BURLINGTON 1.7 W, ON CA",43.3713417,-79.8355103,162.5,2020-06-13,,,,,0.0,",,N",0.0,",,N",0.0,",,N"
CA1ON000033,"BURLINGTON 1.7 W, ON CA",43.3713417,-79.8355103,162.5,2020-06-14,,,,,0.0,",,N",0.0,",,N",0.0,",,N"
CA1ON000033,"BURLINGTON 1.7 W, ON CA",43.3713417,-79.8355103,162.5,2020-06-15,,,,,0.0,",,N",0.0,",,N",0.0,",,N"
CA1ON000033,"BURLINGTON 1.7 W, ON CA",43.3713417,-79.8355103,162.5,2020-06-16,,,,,0.0,",,N",0.0,",,N",0.0,",,N"
CA1ON000033,"BURLINGTON 1.7 W, ON CA",43.3713417,-79.8355103,162.5,2020-06-17,,,,,0.0,",,N",0.0,",,N",0.0,",,N"
CA1ON000033,"BURLINGTON 1.7 W, ON CA",43.3713417,-79.8355103,162.5,2020-06-18,,,,,0.0,",,N",0.0,",,N",0.0,",,N"
CA1ON000033,"BURLINGTON 1.7 W, ON CA",43.3713417,-79.8355103,162.5,2020-06-19,,,,,0.0,",,N",0.0,",,N",0.0,",,N"
CA1ON000033,"BURLINGTON 1.7 W, ON CA",43.3713417,-79.8355103,162.5,2020-06-20,,,,,0.0,",,N",0.0,",,N",0.0,",,N"
CA1ON000033,"BURLINGTON 1.7 W, ON CA",43.3713417,-79.8355103,162.5,2020-06-21,,,,,0.0,",,N",0.0,",,N",0.0,",,N"
CA1ON000033,"BURLINGTON 1.7 W, ON CA",43.3713417,-79.8355103,162.5,2020-06-22,,,,,0.0,",,N",0.0,",,N",0.0,",,N"
CA1ON000033,"BURLINGTON 1.7 W, ON CA",43.3713417,-79.8355103,162.5,2020-06-23,,,,,5.3,",,N",0.0,",,N",0.0,",,N"
CA1ON000033,"BURLINGTON 1.7 W, ON CA",43.3713417,-79.8355103,162.5,2020-06-24,,,,,6.1,",,N",0.0,",,N",0.0,",,N"
CA1ON000033,"BURLINGTON 1.7 W, ON CA",43.3713417,-79.8355103,162.5,2020-06-25,,,,,0.0,",,N",0.0,",,N",0.0,",,N"
CA1ON000033,"BURLINGTON 1.7 W, ON CA",43.3713417,-79.8355103,162.5,2020-06-26,,,,,0.0,",,N",0.0,",,N",0.0,",,N"
CA1ON000033,"BURLINGTON 1.7 W, ON CA",43.3713417,-79.8355103,162.5,2020-06-27,,,,,6.1,",,N",0.0,",,N",0.0,",,N"
CA1ON000033,"BURLINGTON 1.7 W, ON CA",43.3713417,-79.8355103,162.5,2020-06-28,,,,,0.0,"T,,N",0.0,",,N",0.0,",,N"
CA1ON000033,"BURLINGTON 1.7 W, ON CA",43.3713417,-79.8355103,162.5,2020-06-29,,,,,0.0,",,N",0.0,",,N",0.0,",,N"
CA1ON000033,"BURLINGTON 1.7 W, ON CA",43.3713417,-79.8355103,162.5,2020-06-30,,,,,0.0,",,N",0.0,",,N",0.0,",,N"
CA1ON000033,"BURLINGTON 1.7 W, ON CA",43.3713417,-79.8355103,162.5,2020-07-01,,,,,0.0,",,N",0.0,",,N",0.0,",,N"
CA1ON000033,"BURLINGTON 1.7 W, ON CA",43.3713417,-79.8355103,162.5,2020-07-02,,,,,0.0,",,N",0.0,",,N",0.0,",,N"
CA1ON000033,"BURLINGTON 1.7 W, ON CA",43.3713417,-79.8355103,162.5,2020-07-03,,,,,0.0,"T,,N",0.0,",,N",0.0,",,N"
CA1ON000033,"BURLINGTON 1.7 W, ON CA",43.3713417,-79.8355103,162.5,2020-07-04,,,,,0.0,",,N",0.0,",,N",0.0,",,N"
CA1ON000033,"BURLINGTON 1.7 W, ON CA",43.3713417,-79.8355103,162.5,2020-07-05,,,,,0.0,",,N",0.0,",,N",0.0,",,N"
CA1ON000033,"BURLINGTON 1.7 W, ON CA",43.3713417,-79.8355103,162.5,2020-07-06,,,,,0.0,",,N",0.0,",,N",0.0,",,N"
CA1ON000033,"BURLINGTON 1.7 W, ON CA",43.3713417,-79.8355103,162.5,2020-07-07,,,,,0.0,",,N",0.0,",,N",0.0,",,N"
CA1ON000033,"BURLINGTON 1.7 W, ON CA",43.3713417,-79.8355103,162.5,2020-07-08,,,,,0.0,",,N",0.0,",,N",0.0,",,N"
CA1ON000033,"BURLINGTON 1.7 W, ON CA",43.3713417,-79.8355103,162.5,2020-07-09,,,,,0.0,",,N",0.0,",,N",0.0,",,N"
CA1ON000033,"BURLINGTON 1.7 W, ON CA",43.3713417,-79.8355103,162.5,2020-07-10,,,,,0.0,",,N",0.0,",,N",0.0,",,N"
CA1ON000033,"BURLINGTON 1.7 W, ON CA",43.3713417,-79.8355103,162.5,2020-07-11,,,,,26.2,",,N",0.0,",,N",0.0,",,N"
CA1ON000033,"BURLINGTON 1.7 W, ON CA",43.3713417,-79.8355103,162.5,2020-07-12,,,,,0.0,"T,,N",0.0,",,N",0.0,",,N"
CA1ON000033,"BURLINGTON 1.7 W, ON CA",43.3713417,-79.8355103,162.5,2020-07-13,,,,,0.0,",,N",0.0,",,N",0.0,",,N"
CA1ON000033,"BURLINGTON 1.7 W, ON CA",43.3713417,-79.8355103,162.5,2020-07-14,,,,,0.0,",,N",0.0,",,N",0.0,",,N"
CA1ON000033,"BURLINGTON 1.7 W, ON CA",43.3713417,-79.8355103,162.5,2020-07-15,,,,,0.0,",,N",0.0,",,N",0.0,",,N"
CA1ON000033,"BURLINGTON 1.7 W, ON CA",43.3713417,-79.8355103,162.5,2020-07-16,,,,,0.0,",,N",0.0,",,N",0.0,",,N"
CA1ON000033,"BURLINGTON 1.7 W, ON CA",43.3713417,-79.8355103,162.5,2020-07-17,,,,,1.5,",,N",0.0,",,N",0.0,",,N"
CA1ON000033,"BURLINGTON 1.7 W, ON CA",43.3713417,-79.8355103,162.5,2020-07-18,,,,,0.0,",,N",0.0,",,N",0.0,",,N"
CA1ON000033,"BURLINGTON 1.7 W, ON CA",43.3713417,-79.8355103,162.5,2020-07-19,,,,,0.0,",,N",0.0,",,N",0.0,",,N"
CA1ON000033,"BURLINGTON 1.7 W, ON CA",43.3713417,-79.8355103,162.5,2020-07-20,,,,,17.8,",,N",0.0,",,N",0.0,",,N"
CA1ON000033,"BURLINGTON 1.7 W, ON CA",43.3713417,-79.8355103,162.5,2020-07-21,,,,,0.0,",,N",0.0,",,N",0.0,",,N"
CA1ON000033,"BURLINGTON 1.7 W, ON CA",43.3713417,-79.8355103,162.5,2020-07-22,,,,,2.0,",,N",0.0,",,N",0.0,",,N"
CA1ON000033,"BURLINGTON 1.7 W, ON CA",43.3713417,-79.8355103,162.5,2020-07-23,,,,,21.6,",,N",0.0,",,N",0.0,",,N"
CA1ON000033,"BURLINGTON 1.7 W, ON CA",43.3713417,-79.8355103,162.5,2020-07-24,,,,,0.0,",,N",0.0,",,N",0.0,",,N"
CA1ON000033,"BURLINGTON 1.7 W, ON CA",43.3713417,-79.8355103,162.5,2020-07-25,,,,,0.0,",,N",0.0,",,N",0.0,",,N"
CA1ON000033,"BURLINGTON 1.7 W, ON CA",43.3713417,-79.8355103,162.5,2020-07-26,,,,,0.0,",,N",0.0,",,N",0.0,",,N"
CA1ON000033,"BURLINGTON 1.7 W, ON CA",43.3713417,-79.8355103,162.5,2020-07-27,,,,,0.0,",,N",0.0,",,N",0.0,",,N"
CA1ON000033,"BURLINGTON 1.7 W, ON CA",43.3713417,-79.8355103,162.5,2020-07-28,,,,,1.3,",,N",0.0,",,N",0.0,",,N"
CA1ON000033,"BURLINGTON 1.7 W, ON CA",43.3713417,-79.8355103,162.5,2020-07-29,,,,,0.0,"T,,N",0.0,",,N",0.0,",,N"
CA1ON000033,"BURLINGTON 1.7 W, ON CA",43.3713417,-79.8355103,162.5,2020-07-30,,,,,0.0,",,N",0.0,",,N",0.0,",,N"
CA1ON000033,"BURLINGTON 1.7 W, ON CA",43.3713417,-79.8355103,162.5,2020-07-31,,,,,0.0,",,N",0.0,",,N",0.0,",,N"
CA1ON000033,"BURLINGTON 1.7 W, ON CA",43.3713417,-79.8355103,162.5,2020-08-01,,,,,0.0,",,N",0.0,",,N",0.0,",,N"
CA1ON000033,"BURLINGTON 1.7 W, ON CA",43.3713417,-79.8355103,162.5,2020-08-02,,,,,18.5,",,N",0.0,",,N",0.0,",,N"
CA1ON000033,"BURLINGTON 1.7 W, ON CA",43.3713417,-79.8355103,162.5,2020-08-03,,,,,22.9,",,N",0.0,",,N",0.0,",,N"
CA1ON000033,"BURLINGTON 1.7 W, ON CA",43.3713417,-79.8355103,162.5,2020-08-04,,,,,18.8,",,N",0.0,",,N",0.0,",,N"
CA1ON000033,"BURLINGTON 1.7 W, ON CA",43.3713417,-79.8355103,162.5,2020-08-05,,,,,41.4,",,N",0.0,",,N",0.0,",,N"
CA1ON000033,"BURLINGTON 1.7 W, ON CA",43.3713417,-79.8355103,162.5,2020-08-06,,,,,0.0,",,N",0.0,",,N",0.0,",,N"
CA1ON000033,"BURLINGTON 1.7 W, ON CA",43.3713417,-79.8355103,162.5,2020-08-07,,,,,0.0,",,N",0.0,",,N",0.0,",,N"
CA1ON000033,"BURLINGTON 1.7 W, ON CA",43.3713417,-79.8355103,162.5,2020-08-08,,,,,0.0,",,N",0.0,",,N",0.0,",,N"
CA1ON000033,"BURLINGTON 1.7 W, ON CA",43.3713417,-79.8355103,162.5,2020-08-09,,,,,0.0,",,N",0.0,",,N",0.0,",,N"
CA1ON000033,"BURLINGTON 1.7 W, ON CA",43.3713417,-79.8355103,162.5,2020-08-10,,,,,0.0,"T,,N",0.0,",,N",0.0,",,N"
CA1ON000033,"BURLINGTON 1.7 W, ON CA",43.3713417,-79.8355103,162.5,2020-08-11,,,,,0.0,",,N",0.0,",,N",0.0,",,N"
CA1ON000033,"BURLINGTON 1.7 W, ON CA",43.3713417,-79.8355103,162.5,2020-08-12,,,,,0.0,",,N",0.0,",,N",0.0,",,N"
CA1ON000033,"BURLINGTON 1.7 W, ON CA",43.3713417,-79.8355103,162.5,2020-08-13,,,,,0.0,",,N",0.0,",,N",0.0,",,N"
CA1ON000033,"BURLINGTON 1.7 W, ON CA",43.3713417,-79.8355103,162.5,2020-08-14,,,,,0.0,",,N",0.0,",,N",0.0,",,N"
CA1ON000033,"BURLINGTON 1.7 W, ON CA",43.3713417,-79.8355103,162.5,2020-08-15,,,,,0.0,",,N",0.0,",,N",0.0,",,N"
CA1ON000033,"BURLINGTON 1.7 W, ON CA",43.3713417,-79.8355103,162.5,2020-08-16,,,,,0.0,",,N",0.0,",,N",0.0,",,N"
CA1ON000033,"BURLINGTON 1.7 W, ON CA",43.3713417,-79.8355103,162.5,2020-08-17,,,,,0.3,",,N",0.0,",,N",0.0,",,N"
CA1ON000033,"BURLINGTON 1.7 W, ON CA",43.3713417,-79.8355103,162.5,2020-08-18,,,,,13.0,",,N",0.0,",,N",0.0,",,N"
CA1ON000033,"BURLINGTON 1.7 W, ON CA",43.3713417,-79.8355103,162.5,2020-08-19,,,,,0.0,",,N",0.0,",,N",0.0,",,N"
CA1ON000033,"BURLINGTON 1.7 W, ON CA",43.3713417,-79.8355103,162.5,2020-08-20,,,,,0.0,",,N",0.0,",,N",0.0,",,N"
CA1ON000033,"BURLINGTON 1.7 W, ON CA",43.3713417,-79.8355103,162.5,2020-08-21,,,,,0.0,",,N",0.0,",,N",0.0,",,N"
CA1ON000033,"BURLINGTON 1.7 W, ON CA",43.3713417,-79.8355103,162.5,2020-08-22,,,,,1.3,",,N",0.0,",,N",0.0,",,N"
CA1ON000033,"BURLINGTON 1.7 W, ON CA",43.3713417,-79.8355103,162.5,2020-08-23,,,,,0.0,",,N",0.0,",,N",0.0,",,N"
CA1ON000033,"BURLINGTON 1.7 W, ON CA",43.3713417,-79.8355103,162.5,2020-08-24,,,,,0.0,",,N",0.0,",,N",0.0,",,N"
CA1ON000033,"BURLINGTON 1.7 W, ON CA",43.3713417,-79.8355103,162.5,2020-08-25,,,,,0.3,",,N",0.0,",,N",0.0,",,N"
CA1ON000033,"BURLINGTON 1.7 W, ON CA",43.3713417,-79.8355103,162.5,2020-08-26,,,,,0.0,",,N",0.0,",,N",0.0,",,N"
CA1ON000033,"BURLINGTON 1.7 W, ON CA",43.3713417,-79.8355103,162.5,2020-08-27,,,,,6.4,",,N",0.0,",,N",0.0,",,N"
CA1ON000033,"BURLINGTON 1.7 W, ON CA",43.3713417,-79.8355103,162.5,2020-08-28,,,,,0.0,",,N",0.0,",,N",0.0,",,N"
CA1ON000033,"BURLINGTON 1.7 W, ON CA",43.3713417,-79.8355103,162.5,2020-08-29,,,,,0.5,",,N",0.0,",,N",0.0,",,N"
CA1ON000033,"BURLINGTON 1.7 W, ON CA",43.3713417,-79.8355103,162.5,2020-08-30,,,,,0.0,",,N",0.0,",,N",0.0,",,N"
CA1ON000033,"BURLINGTON 1.7 W, ON CA",43.3713417,-79.8355103,162.5,2020-08-31,,,,,0.0,",,N",0.0,",,N",0.0,",,N"
CA1ON000033,"BURLINGTON 1.7 W, ON CA",43.3713417,-79.8355103,162.5,2020-09-01,,,,,0.0,",,N",0.0,",,N",0.0,",,N"
CA1ON000033,"BURLINGTON 1.7 W, ON CA",43.3713417,-79.8355103,162.5,2020-09-02,,,,,0.3,",,N",0.0,",,N",0.0,",,N"
CA1ON000033,"BURLINGTON 1.7 W, ON CA",43.3713417,-79.8355103,162.5,2020-09-03,,,,,2.0,",,N",0.0,",,N",0.0,",,N"
CA1ON000033,"BURLINGTON 1.7 W, ON CA",43.3713417,-79.8355103,162.5,2020-09-04,,,,,0.3,",,N",0.0,",,N",0.0,",,N"
CA1ON000033,"BURLINGTON 1.7 W, ON CA",43.3713417,-79.8355103,162.5,2020-09-05,,,,,0.0,",,N",0.0,",,N",0.0,",,N"
CA1ON000033,"BURLINGTON 1.7 W, ON CA",43.3713417,-79.8355103,162.5,2020-09-06,,,,,0.0,"T,,N",0.0,",,N",0.0,",,N"
CA1ON000033,"BURLINGTON 1.7 W, ON CA",43.3713417,-79.8355103,162.5,2020-09-07,,,,,16.5,",,N",0.0,",,N",0.0,",,N"
CA1ON000033,"BURLINGTON 1.7 W, ON CA",43.3713417,-79.8355103,162.5,2020-09-08,,,,,0.0,"T,,N",0.0,",,N",0.0,",,N"
CA1ON000033,"BURLINGTON 1.7 W, ON CA",43.3713417,-79.8355103,162.5,2020-09-09,,,,,0.3,",,N",0.0,",,N",0.0,",,N"
CA1ON000033,"BURLINGTON 1.7 W, ON CA",43.3713417,-79.8355103,162.5,2020-09-10,,,,,0.8,",,N",0.0,",,N",0.0,",,N"
CA1ON000033,"BURLINGTON 1.7 W, ON CA",43.3713417,-79.8355103,162.5,2020-09-11,,,,,0.0,"T,,N",0.0,",,N",0.0,",,N"
CA1ON000033,"BURLINGTON 1.7 W, ON CA",43.3713417,-79.8355103,162.5,2020-09-12,,,,,0.0,",,N",0.0,",,N",0.0,",,N"
CA1ON000033,"BURLINGTON 1.7 W, ON CA",43.3713417,-79.8355103,162.5,2020-09-13,,,,,2.5,",,N",0.0,",,N",0.0,",,N"
CA1ON000033,"BURLINGTON 1.7 W, ON CA",43.3713417,-79.8355103,162.5,2020-09-14,,,,,5.8,",,N",0.0,",,N",0.0,",,N"
CA1ON000033,"BURLINGTON 1.7 W, ON CA",43.3713417,-79.8355103,162.5,2020-09-15,,,,,0.0,",,N",0.0,",,N",0.0,",,N"
CA1ON000033,"BURLINGTON 1.7 W, ON CA",43.3713417,-79.8355103,162.5,2020-09-16,,,,,0.0,",,N",0.0,",,N",0.0,",,N"
CA1ON000033,"BURLINGTON 1.7 W, ON CA",43.3713417,-79.8355103,162.5,2020-09-17,,,,,0.0,",,N",0.0,",,N",0.0,",,N"
CA1ON000033,"BURLINGTON 1.7 W, ON CA",43.3713417,-79.8355103,162.5,2020-09-18,,,,,0.0,",,N",0.0,",,N",0.0,",,N"
CA1ON000033,"BURLINGTON 1.7 W, ON CA",43.3713417,-79.8355103,162.5,2020-09-19,,,,,0.0,",,N",0.0,",,N",0.0,",,N"
CA1ON000033,"BURLINGTON 1.7 W, ON CA",43.3713417,-79.8355103,162.5,2020-09-20,,,,,0.0,",,N",0.0,",,N",0.0,",,N"
CA1ON000033,"BURLINGTON 1.7 W, ON CA",43.3713417,-79.8355103,162.5,2020-09-21,,,,,0.0,",,N",0.0,",,N",0.0,",,N"
CA1ON000033,"BURLINGTON 1.7 W, ON CA",43.3713417,-79.8355103,162.5,2020-09-22,,,,,0.0,",,N",0.0,",,N",0.0,",,N"
CA1ON000033,"BURLINGTON 1.7 W, ON CA",43.3713417,-79.8355103,162.5,2020-09-23,,,,,0.0,",,N",0.0,",,N",0.0,",,N"
CA1ON000033,"BURLINGTON 1.7 W, ON CA",43.3713417,-79.8355103,162.5,2020-09-24,,,,,0.0,",,N",0.0,",,N",0.0,",,N"
CA1ON000033,"BURLINGTON 1.7 W, ON CA",43.3713417,-79.8355103,162.5,2020-09-25,,,,,0.0,",,N",0.0,",,N",0.0,",,N"
CA1ON000033,"BURLINGTON 1.7 W, ON CA",43.3713417,-79.8355103,162.5,2020-09-26,,,,,0.0,",,N",0.0,",,N",0.0,",,N"
CA1ON000033,"BURLINGTON 1.7 W, ON CA",43.3713417,-79.8355103,162.5,2020-09-27,,,,,0.0,",,N",0.0,",,N",0.0,",,N"
CA1ON000033,"BURLINGTON 1.7 W, ON CA",43.3713417,-79.8355103,162.5,2020-09-28,,,,,0.0,",,N",0.0,",,N",0.0,",,N"
CA1ON000033,"BURLINGTON 1.7 W, ON CA",43.3713417,-79.8355103,162.5,2020-09-29,,,,,8.9,",,N",0.0,",,N",0.0,",,N"
CA1ON000033,"BURLINGTON 1.7 W, ON CA",43.3713417,-79.8355103,162.5,2020-09-30,,,,,0.0,",,N",0.0,",,N",0.0,",,N"
CA1ON000033,"BURLINGTON 1.7 W, ON CA",43.3713417,-79.8355103,162.5,2020-10-01,,,,,4.8,",,N",0.0,",,N",0.0,",,N"
CA1ON000033,"BURLINGTON 1.7 W, ON CA",43.3713417,-79.8355103,162.5,2020-10-02,,,,,2.0,",,N",0.0,",,N",0.0,",,N"
CA1ON000033,"BURLINGTON 1.7 W, ON CA",43.3713417,-79.8355103,162.5,2020-10-03,,,,,4.6,",,N",0.0,",,N",0.0,",,N"
CA1ON000033,"BURLINGTON 1.7 W, ON CA",43.3713417,-79.8355103,162.5,2020-10-04,,,,,0.8,",,N",0.0,",,N",0.0,",,N"
CA1ON000033,"BURLINGTON 1.7 W, ON CA",43.3713417,-79.8355103,162.5,2020-10-05,,,,,8.4,",,N",0.0,",,N",0.0,",,N"
CA1ON000033,"BURLINGTON 1.7 W, ON CA",43.3713417,-79.8355103,162.5,2020-10-06,,,,,0.0,",,N",0.0,",,N",0.0,",,N"
CA1ON000033,"BURLINGTON 1.7 W, ON CA",43.3713417,-79.8355103,162.5,2020-10-07,,,,,2.8,",,N",0.0,",,N",0.0,",,N"
CA1ON000033,"BURLINGTON 1.7 W, ON CA",43.3713417,-79.8355103,162.5,2020-10-08,,,,,1.5,",,N",0.0,",,N",0.0,",,N"
CA1ON000033,"BURLINGTON 1.7 W, ON CA",43.3713417,-79.8355103,162.5,2020-10-09,,,,,0.8,",,N",0.0,",,N",0.0,",,N"
CA1ON000033,"BURLINGTON 1.7 W, ON CA",43.3713417,-79.8355103,162.5,2020-10-10,,,,,0.0,",,N",0.0,",,N",0.0,",,N"
CA1ON000033,"BURLINGTON 1.7 W, ON CA",43.3713417,-79.8355103,162.5,2020-10-11,,,,,0.3,",,N",0.0,",,N",0.0,",,N"
CA1ON000033,"BURLINGTON 1.7 W, ON CA",43.3713417,-79.8355103,162.5,2020-10-12,,,,,0.0,",,N",0.0,",,N",0.0,",,N"
CA1ON000033,"BURLINGTON 1.7 W, ON CA",43.3713417,-79.8355103,162.5,2020-10-13,,,,,5.6,",,N",0.0,",,N",0.0,",,N"
CA1ON000033,"BURLINGTON 1.7 W, ON CA",43.3713417,-79.8355103,162.5,2020-10-14,,,,,0.0,",,N",0.0,",,N",0.0,",,N"
CA1ON000033,"BURLINGTON 1.7 W, ON CA",43.3713417,-79.8355103,162.5,2020-10-15,,,,,0.3,",,N",0.0,",,N",0.0,",,N"
CA1ON000033,"BURLINGTON 1.7 W, ON CA",43.3713417,-79.8355103,162.5,2020-10-16,,,,,12.2,",,N",0.0,",,N",0.0,",,N"
CA1ON000033,"BURLINGTON 1.7 W, ON CA",43.3713417,-79.8355103,162.5,2020-10-17,,,,,0.0,",,N",0.0,",,N",0.0,",,N"
CA1ON000033,"BURLINGTON 1.7 W, ON CA",43.3713417,-79.8355103,162.5,2020-10-18,,,,,0.0,",,N",0.0,",,N",0.0,",,N"
CA1ON000033,"BURLINGTON 1.7 W, ON CA",43.3713417,-79.8355103,162.5,2020-10-19,,,,,2.3,",,N",0.0,",,N",0.0,",,N"
CA1ON000033,"BURLINGTON 1.7 W, ON CA",43.3713417,-79.8355103,162.5,2020-10-20,,,,,10.7,",,N",0.0,",,N",0.0,",,N"
CA1ON000033,"BURLINGTON 1.7 W, ON CA",43.3713417,-79.8355103,162.5,2020-10-21,,,,,5.3,",,N",0.0,",,N",0.0,",,N"
CA1ON000033,"BURLINGTON 1.7 W, ON CA",43.3713417,-79.8355103,162.5,2020-10-22,,,,,7.6,",,N",0.0,",,N",0.0,",,N"
CA1ON000033,"BURLINGTON 1.7 W, ON CA",43.3713417,-79.8355103,162.5,2020-10-23,,,,,1.0,",,N",0.0,",,N",0.0,",,N"
CA1ON000033,"BURLINGTON 1.7 W, ON CA",43.3713417,-79.8355103,162.5,2020-10-24,,,,,8.1,",,N",0.0,",,N",0.0,",,N"
CA1ON000033,"BURLINGTON 1.7 W, ON CA",43.3713417,-79.8355103,162.5,2020-10-25,,,,,0.0,",,N",0.0,",,N",0.0,",,N"
CA1ON000033,"BURLINGTON 1.7 W, ON CA",43.3713417,-79.8355103,162.5,2020-10-26,,,,,0.3,",,N",0.0,",,N",0.0,",,N"
CA1ON000033,"BURLINGTON 1.7 W, ON CA",43.3713417,-79.8355103,162.5,2020-10-27,,,,,0.0,"T,,N",0.0,",,N",0.0,",,N"
CA1ON000033,"BURLINGTON 1.7 W, ON CA",43.3713417,-79.8355103,162.5,2020-10-28,,,,,3.0,",,N",0.0,",,N",0.0,",,N"
CA1ON000033,"BURLINGTON 1.7 W, ON CA",43.3713417,-79.8355103,162.5,2020-10-29,,,,,0.0,",,N",0.0,",,N",0.0,",,N"
CA1ON000033,"BURLINGTON 1.7 W, ON CA",43.3713417,-79.8355103,162.5,2020-10-30,,,,,1.0,",,N",0.0,"T,,N",0.0,",,N"
CA1ON000033,"BURLINGTON 1.7 W, ON CA",43.3713417,-79.8355103,162.5,2020-10-31,,,,,0.0,"T,,N",0.0,"T,,N",0.0,",,N"
CA1ON000033,"BURLINGTON 1.7 W, ON CA",43.3713417,-79.8355103,162.5,2020-11-01,,,,,0.0,"T,,N",0.0,",,N",0.0,",,N"
CA1ON000033,"BURLINGTON 1.7 W, ON CA",43.3713417,-79.8355103,162.5,2020-11-02,,,,,2.5,",,N",0.0,"T,,N",0.0,",,N"
CA1ON000033,"BURLINGTON 1.7 W, ON CA",43.3713417,-79.8355103,162.5,2020-11-03,,,,,0.0,",,N",0.0,",,N",0.0,",,N"
CA1ON000033,"BURLINGTON 1.7 W, ON CA",43.3713417,-79.8355103,162.5,2020-11-04,,,,,0.0,",,N",0.0,",,N",0.0,",,N"
CA1ON000033,"BURLINGTON 1.7 W, ON CA",43.3713417,-79.8355103,162.5,2020-11-05,,,,,0.0,",,N",0.0,",,N",0.0,",,N"
CA1ON000033,"BURLINGTON 1.7 W, ON CA",43.3713417,-79.8355103,162.5,2020-11-06,,,,,0.0,",,N",0.0,",,N",0.0,",,N"
CA1ON000033,"BURLINGTON 1.7 W, ON CA",43.3713417,-79.8355103,162.5,2020-11-07,,,,,0.0,",,N",0.0,",,N",0.0,",,N"
CA1ON000033,"BURLINGTON 1.7 W, ON CA",43.3713417,-79.8355103,162.5,2020-11-08,,,,,0.0,",,N",0.0,",,N",0.0,",,N"
CA1ON000033,"BURLINGTON 1.7 W, ON CA",43.3713417,-79.8355103,162.5,2020-11-09,,,,,0.0,",,N",0.0,",,N",0.0,",,N"
CA1ON000033,"BURLINGTON 1.7 W, ON CA",43.3713417,-79.8355103,162.5,2020-11-10,,,,,0.0,",,N",0.0,",,N",0.0,",,N"
CA1ON000033,"BURLINGTON 1.7 W, ON CA",43.3713417,-79.8355103,162.5,2020-11-11,,,,,0.0,"T,,N",0.0,",,N",0.0,",,N"
CA1ON000033,"BURLINGTON 1.7 W, ON CA",43.3713417,-79.8355103,162.5,2020-11-12,,,,,0.0,",,N",0.0,",,N",0.0,",,N"
CA1ON000033,"BURLINGTON 1.7 W, ON CA",43.3713417,-79.8355103,162.5,2020-11-13,,,,,0.0,",,N",0.0,",,N",0.0,",,N"
CA1ON000033,"BURLINGTON 1.7 W, ON CA",43.3713417,-79.8355103,162.5,2020-11-14,,,,,0.0,",,N",0.0,",,N",0.0,",,N"
CA1ON000033,"BURLINGTON 1.7 W, ON CA",43.3713417,-79.8355103,162.5,2020-11-15,,,,,3.0,",,N",0.0,",,N",0.0,",,N"
CA1ON000033,"BURLINGTON 1.7 W, ON CA",43.3713417,-79.8355103,162.5,2020-11-16,,,,,7.6,",,N",0.0,",,N",0.0,",,N"
CA1ON000033,"BURLINGTON 1.7 W, ON CA",43.3713417,-79.8355103,162.5,2020-11-17,,,,,0.0,",,N",0.0,",,N",0.0,",,N"
CA1ON000033,"BURLINGTON 1.7 W, ON CA",43.3713417,-79.8355103,162.5,2020-11-18,,,,,0.0,"T,,N",0.0,"T,,N",0.0,"T,,N"
CA1ON000033,"BURLINGTON 1.7 W, ON CA",43.3713417,-79.8355103,162.5,2020-11-19,,,,,0.0,"T,,N",0.0,"T,,N",0.0,",,N"
CA1ON000033,"BURLINGTON 1.7 W, ON CA",43.3713417,-79.8355103,162.5,2020-11-20,,,,,0.0,",,N",0.0,",,N",0.0,",,N"
CA1ON000033,"BURLINGTON 1.7 W, ON CA",43.3713417,-79.8355103,162.5,2020-11-21,,,,,0.0,",,N",0.0,",,N",0.0,",,N"
CA1ON000033,"BURLINGTON 1.7 W, ON CA",43.3713417,-79.8355103,162.5,2020-11-22,,,,,0.0,",,N",0.0,",,N",0.0,",,N"
CA1ON000033,"BURLINGTON 1.7 W, ON CA",43.3713417,-79.8355103,162.5,2020-11-23,,,,,20.8,",,N",102.0,",,N",102.0,",,N"
CA1ON000033,"BURLINGTON 1.7 W, ON CA",43.3713417,-79.8355103,162.5,2020-11-24,,,,,0.0,"T,,N",0.0,"T,,N",51.0,",,N"
CA1ON000033,"BURLINGTON 1.7 W, ON CA",43.3713417,-79.8355103,162.5,2020-11-25,,,,,2.0,",,N",0.0,"T,,N",38.0,",,N"
CA1ON000033,"BURLINGTON 1.7 W, ON CA",43.3713417,-79.8355103,162.5,2020-11-26,,,,,7.1,",,N",0.0,",,N",0.0,",,N"
CA1ON000033,"BURLINGTON 1.7 W, ON CA",43.3713417,-79.8355103,162.5,2020-11-27,,,,,0.0,",,N",0.0,",,N",0.0,",,N"
CA1ON000033,"BURLINGTON 1.7 W, ON CA",43.3713417,-79.8355103,162.5,2020-11-28,,,,,0.0,",,N",0.0,",,N",0.0,",,N"
CA1ON000033,"BURLINGTON 1.7 W, ON CA",43.3713417,-79.8355103,162.5,2020-11-29,,,,,0.0,",,N",0.0,",,N",0.0,",,N"
CA1ON000033,"BURLINGTON 1.7 W, ON CA",43.3713417,-79.8355103,162.5,2020-11-30,,,,,0.0,",,N",0.0,",,N",0.0,",,N"
CA1ON000033,"BURLINGTON 1.7 W, ON CA",43.3713417,-79.8355103,162.5,2020-12-01,,,,,30.5,",,N",64.0,",,N",64.0,",,N"
CA1ON000033,"BURLINGTON 1.7 W, ON CA",43.3713417,-79.8355103,162.5,2020-12-02,,,,,6.6,",,N",76.0,",,N",102.0,",,N"
CA1ON000033,"BURLINGTON 1.7 W, ON CA",43.3713417,-79.8355103,162.5,2020-12-03,,,,,0.0,",,N",0.0,",,N",51.0,",,N"
CA1ON000033,"BURLINGTON 1.7 W, ON CA",43.3713417,-79.8355103,162.5,2020-12-04,,,,,0.3,",,N",0.0,",,N",13.0,",,N"
CA1ON000033,"BURLINGTON 1.7 W, ON CA",43.3713417,-79.8355103,162.5,2020-12-05,,,,,1.3,",,N",0.0,"T,,N",0.0,"T,,N"
CA1ON000033,"BURLINGTON 1.7 W, ON CA",43.3713417,-79.8355103,162.5,2020-12-06,,,,,0.0,",,N",0.0,",,N",0.0,",,N"
CA1ON000033,"BURLINGTON 1.7 W, ON CA",43.3713417,-79.8355103,162.5,2020-12-07,,,,,0.0,",,N",0.0,",,N",0.0,",,N"
CA1ON000033,"BURLINGTON 1.7 W, ON CA",43.3713417,-79.8355103,162.5,2020-12-08,,,,,0.0,",,N",0.0,",,N",0.0,",,N"
CA1ON000033,"BURLINGTON 1.7 W, ON CA",43.3713417,-79.8355103,162.5,2020-12-09,,,,,0.3,",,N",3.0,",,N",0.0,"T,,N"
CA1ON000033,"BURLINGTON 1.7 W, ON CA",43.3713417,-79.8355103,162.5,2020-12-10,,,,,0.0,"T,,N",0.0,",,N",0.0,",,N"
CA1ON000033,"BURLINGTON 1.7 W, ON CA",43.3713417,-79.8355103,162.5,2020-12-11,,,,,0.0,",,N",0.0,",,N",0.0,",,N"
CA1ON000033,"BURLINGTON 1.7 W, ON CA",43.3713417,-79.8355103,162.5,2020-12-12,,,,,0.0,",,N",0.0,",,N",0.0,",,N"
CA1ON000033,"BURLINGTON 1.7 W, ON CA",43.3713417,-79.8355103,162.5,2020-12-13,,,,,9.7,",,N",0.0,",,N",0.0,",,N"
CA1ON000033,"BURLINGTON 1.7 W, ON CA",43.3713417,-79.8355103,162.5,2020-12-14,,,,,0.0,",,N",0.0,",,N",0.0,",,N"
CA1ON000033,"BURLINGTON 1.7 W, ON CA",43.3713417,-79.8355103,162.5,2020-12-15,,,,,0.0,"T,,N",0.0,"T,,N",0.0,"T,,N"
CA1ON000033,"BURLINGTON 1.7 W, ON CA",43.3713417,-79.8355103,162.5,2020-12-16,,,,,0.0,"T,,N",0.0,"T,,N",0.0,",,N"
CA1ON000033,"BURLINGTON 1.7 W, ON CA",43.3713417,-79.8355103,162.5,2020-12-17,,,,,1.5,",,N",13.0,",,N",13.0,",,N"
CA1ON000033,"BURLINGTON 1.7 W, ON CA",43.3713417,-79.8355103,162.5,2020-12-18,,,,,0.0,",,N",0.0,",,N",0.0,"T,,N"
CA1ON000033,"BURLINGTON 1.7 W, ON CA",43.3713417,-79.8355103,162.5,2020-12-19,,,,,0.0,",,N",0.0,",,N",0.0,"T,,N"
CA1ON000033,"BURLINGTON 1.7 W, ON CA",43.3713417,-79.8355103,162.5,2020-12-20,,,,,2.5,",,N",0.0,"T,,N",0.0,"T,,N"
CA1ON000033,"BURLINGTON 1.7 W, ON CA",43.3713417,-79.8355103,162.5,2020-12-21,,,,,0.0,",,N",0.0,",,N",0.0,",,N"
CA1ON000033,"BURLINGTON 1.7 W, ON CA",43.3713417,-79.8355103,162.5,2020-12-22,,,,,0.0,",,N",0.0,",,N",0.0,",,N"
CA1ON000033,"BURLINGTON 1.7 W, ON CA",43.3713417,-79.8355103,162.5,2020-12-23,,,,,0.0,",,N",0.0,",,N",0.0,",,N"
CA1ON000033,"BURLINGTON 1.7 W, ON CA",43.3713417,-79.8355103,162.5,2020-12-24,,,,,3.3,",,N",0.0,",,N",0.0,",,N"
CA1ON000033,"BURLINGTON 1.7 W, ON CA",43.3713417,-79.8355103,162.5,2020-12-25,,,,,10.2,",,N",102.0,",,N",102.0,",,N"
CA1ON000033,"BURLINGTON 1.7 W, ON CA",43.3713417,-79.8355103,162.5,2020-12-26,,,,,3.8,",,N",58.0,",,N",127.0,",,N"
CA1ON000033,"BURLINGTON 1.7 W, ON CA",43.3713417,-79.8355103,162.5,2020-12-27,,,,,0.0,"T,,N",0.0,"T,,N",89.0,",,N"
CA1ON000033,"BURLINGTON 1.7 W, ON CA",43.3713417,-79.8355103,162.5,2020-12-28,,,,,8.1,",,N",0.0,",,N",13.0,",,N"
CA1ON000033,"BURLINGTON 1.7 W, ON CA",43.3713417,-79.8355103,162.5,2020-12-29,,,,,0.0,"T,,N",0.0,"T,,N",0.0,"T,,N"
CA1ON000033,"BURLINGTON 1.7 W, ON CA",43.3713417,-79.8355103,162.5,2020-12-30,,,,,1.3,",,N",23.0,",,N",13.0,",,N"
CA1ON000033,"BURLINGTON 1.7 W, ON CA",43.3713417,-79.8355103,162.5,2020-12-31,,,,,8.4,",,N",0.0,",,N",0.0,"T,,N"
